url,type
https://www.microsoft.com/track/182,benign
https://www.instagram.com/track/1,benign
https://www.facebook.com/track/122,benign
http://appleid-login-reset.com/track/190,phishing
http://google.verify-info-alerts.com/track/111,phishing
http://bankofamerica-update-login.com/track/35,phishing
https://www.instagram.com/track/33,benign
http://secure-icloud-login.verify-appleid.net/track/84,phishing
http://microsoft.support-alerts.net/track/171,phishing
http://youtube.video-check-alerts.com/track/222,phishing
http://facebook-account-lock-warning.com/track/23,phishing
https://www.linkedin.com/track/224,benign
http://netflix-account-verify-alerts.com/track/88,phishing
http://youtube.video-check-alerts.com/track/12,phishing
http://netflix-account-verify-alerts.com/track/62,phishing
http://secure-icloud-login.verify-appleid.net/track/4,phishing
http://bankofamerica-update-login.com/track/180,phishing
http://bankofamerica-update-login.com/track/115,phishing
http://youtube.video-check-alerts.com/track/100,phishing
http://microsoft.support-alerts.net/track/228,phishing
http://facebook-account-lock-warning.com/track/236,phishing
https://www.facebook.com/track/154,benign
https://www.apple.com/track/135,benign
https://www.dropbox.com/track/52,benign
http://secure-icloud-login.verify-appleid.net/track/195,phishing
https://www.google.com/track/56,benign
http://appleid-login-reset.com/track/46,phishing
https://www.nytimes.com/track/73,benign
https://www.nytimes.com/track/110,benign
http://microsoft.support-alerts.net/track/56,phishing
http://paypal-userlogin.account-security-check.com/track/244,phishing
https://www.dropbox.com/track/210,benign
http://microsoft.support-alerts.net/track/131,phishing
https://www.wikipedia.org/track/245,benign
https://www.facebook.com/track/211,benign
http://appleid-login-reset.com/track/26,phishing
http://bankofamerica-update-login.com/track/53,phishing
http://microsoft.support-alerts.net/track/55,phishing
http://secure-icloud-login.verify-appleid.net/track/170,phishing
http://appleid-login-reset.com/track/136,phishing
https://www.reddit.com/track/163,benign
http://facebook-account-lock-warning.com/track/217,phishing
http://secure-login.amazon.verify-user.com/track/58,phishing
http://youtube.video-check-alerts.com/track/186,phishing
https://www.dropbox.com/track/25,benign
http://secure-icloud-login.verify-appleid.net/track/18,phishing
http://microsoft.support-alerts.net/track/151,phishing
https://www.dropbox.com/track/62,benign
https://www.linkedin.com/track/103,benign
http://paypal-userlogin.account-security-check.com/track/99,phishing
https://www.linkedin.com/track/65,benign
https://www.youtube.com/track/156,benign
https://www.apple.com/track/66,benign
https://www.stackoverflow.com/track/98,benign
https://www.apple.com/track/89,benign
http://microsoft.support-alerts.net/track/235,phishing
https://www.reddit.com/track/158,benign
http://paypal-userlogin.account-security-check.com/track/38,phishing
https://www.linkedin.com/track/208,benign
https://www.amazon.com/track/109,benign
http://netflix-account-verify-alerts.com/track/70,phishing
https://www.amazon.com/track/248,benign
http://google.verify-info-alerts.com/track/87,phishing
http://secure-login.amazon.verify-user.com/track/146,phishing
https://www.nytimes.com/track/92,benign
http://appleid-login-reset.com/track/184,phishing
http://paypal-userlogin.account-security-check.com/track/229,phishing
https://www.microsoft.com/track/240,benign
https://www.apple.com/track/133,benign
https://www.amazon.com/track/19,benign
https://www.dropbox.com/track/126,benign
https://www.linkedin.com/track/0,benign
http://google.verify-info-alerts.com/track/196,phishing
http://secure-login.amazon.verify-user.com/track/205,phishing
https://www.stackoverflow.com/track/78,benign
http://youtube.video-check-alerts.com/track/169,phishing
http://appleid-login-reset.com/track/202,phishing
http://secure-login.amazon.verify-user.com/track/166,phishing
http://microsoft.support-alerts.net/track/188,phishing
https://www.dropbox.com/track/201,benign
https://www.google.com/track/107,benign
https://www.youtube.com/track/206,benign
https://www.instagram.com/track/212,benign
https://www.reddit.com/track/93,benign
https://www.linkedin.com/track/231,benign
https://www.bbc.com/track/48,benign
http://google.verify-info-alerts.com/track/91,phishing
https://www.instagram.com/track/233,benign
https://www.reddit.com/track/207,benign
https://www.wikipedia.org/track/104,benign
https://www.nytimes.com/track/151,benign
http://secure-login.amazon.verify-user.com/track/102,phishing
https://www.microsoft.com/track/105,benign
http://google.verify-info-alerts.com/track/143,phishing
https://www.quora.com/track/200,benign
http://secure-icloud-login.verify-appleid.net/track/212,phishing
https://www.stackoverflow.com/track/61,benign
http://bankofamerica-update-login.com/track/86,phishing
https://www.instagram.com/track/170,benign
https://www.microsoft.com/track/220,benign
https://www.quora.com/track/115,benign
https://www.linkedin.com/track/230,benign
https://www.facebook.com/track/216,benign
https://www.bbc.com/track/162,benign
http://netflix-account-verify-alerts.com/track/71,phishing
https://www.nytimes.com/track/144,benign
http://paypal-userlogin.account-security-check.com/track/120,phishing
http://secure-login.amazon.verify-user.com/track/238,phishing
https://www.nytimes.com/track/142,benign
http://youtube.video-check-alerts.com/track/15,phishing
https://www.linkedin.com/track/205,benign
http://bankofamerica-update-login.com/track/16,phishing
https://www.amazon.com/track/160,benign
http://netflix-account-verify-alerts.com/track/210,phishing
https://www.google.com/track/55,benign
https://www.quora.com/track/145,benign
http://bankofamerica-update-login.com/track/123,phishing
http://appleid-login-reset.com/track/68,phishing
https://www.youtube.com/track/214,benign
https://www.facebook.com/track/166,benign
https://www.linkedin.com/track/127,benign
http://netflix-account-verify-alerts.com/track/92,phishing
http://youtube.video-check-alerts.com/track/178,phishing
https://www.apple.com/track/36,benign
http://appleid-login-reset.com/track/249,phishing
https://www.instagram.com/track/63,benign
https://www.nytimes.com/track/143,benign
http://facebook-account-lock-warning.com/track/189,phishing
http://bankofamerica-update-login.com/track/74,phishing
http://bankofamerica-update-login.com/track/198,phishing
https://www.google.com/track/181,benign
https://www.stackoverflow.com/track/49,benign
https://www.instagram.com/track/155,benign
https://www.stackoverflow.com/track/72,benign
http://secure-login.amazon.verify-user.com/track/199,phishing
https://www.facebook.com/track/188,benign
http://youtube.video-check-alerts.com/track/13,phishing
http://secure-icloud-login.verify-appleid.net/track/138,phishing
https://www.facebook.com/track/175,benign
http://youtube.video-check-alerts.com/track/167,phishing
https://www.bbc.com/track/189,benign
http://paypal-userlogin.account-security-check.com/track/224,phishing
https://www.reddit.com/track/23,benign
http://secure-login.amazon.verify-user.com/track/69,phishing
https://www.linkedin.com/track/120,benign
https://www.instagram.com/track/123,benign
http://facebook-account-lock-warning.com/track/93,phishing
https://www.instagram.com/track/132,benign
http://secure-login.amazon.verify-user.com/track/220,phishing
http://paypal-userlogin.account-security-check.com/track/226,phishing
https://www.youtube.com/track/76,benign
https://www.stackoverflow.com/track/119,benign
http://bankofamerica-update-login.com/track/41,phishing
http://paypal-userlogin.account-security-check.com/track/147,phishing
http://paypal-userlogin.account-security-check.com/track/137,phishing
http://youtube.video-check-alerts.com/track/182,phishing
https://www.dropbox.com/track/215,benign
https://www.nytimes.com/track/6,benign
https://www.nytimes.com/track/185,benign
https://www.wikipedia.org/track/164,benign
https://www.apple.com/track/165,benign
https://www.stackoverflow.com/track/28,benign
https://www.stackoverflow.com/track/44,benign
http://bankofamerica-update-login.com/track/150,phishing
https://www.quora.com/track/187,benign
https://www.linkedin.com/track/225,benign
http://secure-icloud-login.verify-appleid.net/track/118,phishing
https://www.bbc.com/track/124,benign
http://bankofamerica-update-login.com/track/163,phishing
http://microsoft.support-alerts.net/track/97,phishing
https://www.youtube.com/track/27,benign
http://facebook-account-lock-warning.com/track/142,phishing
https://www.google.com/track/80,benign
https://www.amazon.com/track/5,benign
http://secure-login.amazon.verify-user.com/track/165,phishing
http://youtube.video-check-alerts.com/track/64,phishing
http://microsoft.support-alerts.net/track/248,phishing
http://facebook-account-lock-warning.com/track/129,phishing
https://www.wikipedia.org/track/177,benign
https://www.facebook.com/track/42,benign
http://facebook-account-lock-warning.com/track/122,phishing
https://www.facebook.com/track/194,benign
https://www.google.com/track/152,benign
http://youtube.video-check-alerts.com/track/54,phishing
http://appleid-login-reset.com/track/81,phishing
https://www.stackoverflow.com/track/21,benign
http://youtube.video-check-alerts.com/track/149,phishing
https://www.reddit.com/track/186,benign
https://www.wikipedia.org/track/7,benign
http://secure-login.amazon.verify-user.com/track/21,phishing
https://www.facebook.com/track/221,benign
https://www.apple.com/track/118,benign
https://www.dropbox.com/track/8,benign
http://appleid-login-reset.com/track/193,phishing
https://www.wikipedia.org/track/179,benign
http://appleid-login-reset.com/track/221,phishing
http://secure-login.amazon.verify-user.com/track/101,phishing
http://bankofamerica-update-login.com/track/117,phishing
http://paypal-userlogin.account-security-check.com/track/60,phishing
http://netflix-account-verify-alerts.com/track/154,phishing
http://secure-icloud-login.verify-appleid.net/track/61,phishing
https://www.instagram.com/track/116,benign
http://secure-icloud-login.verify-appleid.net/track/98,phishing
http://youtube.video-check-alerts.com/track/207,phishing
https://www.dropbox.com/track/106,benign
http://netflix-account-verify-alerts.com/track/162,phishing
https://www.stackoverflow.com/track/236,benign
https://www.quora.com/track/71,benign
https://www.facebook.com/track/85,benign
https://www.microsoft.com/track/101,benign
https://www.apple.com/track/191,benign
http://secure-icloud-login.verify-appleid.net/track/128,phishing
https://www.quora.com/track/58,benign
http://youtube.video-check-alerts.com/track/7,phishing
http://bankofamerica-update-login.com/track/156,phishing
http://paypal-userlogin.account-security-check.com/track/134,phishing
https://www.linkedin.com/track/203,benign
http://google.verify-info-alerts.com/track/164,phishing
https://www.youtube.com/track/77,benign
https://www.bbc.com/track/40,benign
http://youtube.video-check-alerts.com/track/209,phishing
https://www.youtube.com/track/43,benign
http://google.verify-info-alerts.com/track/124,phishing
https://www.wikipedia.org/track/24,benign
http://secure-login.amazon.verify-user.com/track/126,phishing
http://youtube.video-check-alerts.com/track/37,phishing
https://www.microsoft.com/track/153,benign
https://www.apple.com/track/3,benign
https://www.dropbox.com/track/29,benign
http://facebook-account-lock-warning.com/track/121,phishing
http://microsoft.support-alerts.net/track/174,phishing
http://youtube.video-check-alerts.com/track/8,phishing
http://bankofamerica-update-login.com/track/78,phishing
http://secure-icloud-login.verify-appleid.net/track/31,phishing
https://www.quora.com/track/53,benign
https://www.instagram.com/track/172,benign
http://appleid-login-reset.com/track/225,phishing
http://netflix-account-verify-alerts.com/track/72,phishing
http://microsoft.support-alerts.net/track/80,phishing
https://www.facebook.com/track/4,benign
https://www.facebook.com/track/74,benign
http://facebook-account-lock-warning.com/track/157,phishing
https://www.bbc.com/track/131,benign
http://youtube.video-check-alerts.com/track/108,phishing
http://bankofamerica-update-login.com/track/231,phishing
https://www.stackoverflow.com/track/204,benign
https://www.apple.com/track/192,benign
http://google.verify-info-alerts.com/track/109,phishing
https://www.nytimes.com/track/136,benign
https://www.bbc.com/track/199,benign
https://www.nytimes.com/track/197,benign
http://appleid-login-reset.com/track/227,phishing
https://www.google.com/track/84,benign
https://www.youtube.com/track/161,benign
https://www.amazon.com/track/87,benign
https://www.microsoft.com/track/218,benign
https://www.bbc.com/track/70,benign
https://www.nytimes.com/track/195,benign
https://www.dropbox.com/track/82,benign
https://www.facebook.com/track/108,benign
http://google.verify-info-alerts.com/track/77,phishing
http://microsoft.support-alerts.net/track/216,phishing
http://facebook-account-lock-warning.com/track/145,phishing
https://www.youtube.com/track/173,benign
https://www.reddit.com/track/35,benign
http://youtube.video-check-alerts.com/track/85,phishing
http://google.verify-info-alerts.com/track/179,phishing
https://www.wikipedia.org/track/67,benign
http://appleid-login-reset.com/track/63,phishing
https://www.google.com/track/244,benign
http://microsoft.support-alerts.net/track/17,phishing
http://appleid-login-reset.com/track/32,phishing
https://www.dropbox.com/track/171,benign
http://microsoft.support-alerts.net/track/158,phishing
http://netflix-account-verify-alerts.com/track/191,phishing
http://secure-icloud-login.verify-appleid.net/track/28,phishing
https://www.google.com/track/209,benign
http://secure-icloud-login.verify-appleid.net/track/65,phishing
http://secure-login.amazon.verify-user.com/track/95,phishing
http://bankofamerica-update-login.com/track/3,phishing
https://www.bbc.com/track/139,benign
https://www.google.com/track/10,benign
https://www.apple.com/track/246,benign
https://www.stackoverflow.com/track/223,benign
http://microsoft.support-alerts.net/track/204,phishing
https://www.google.com/track/113,benign
http://youtube.video-check-alerts.com/track/234,phishing
http://microsoft.support-alerts.net/track/67,phishing
https://www.microsoft.com/track/237,benign
https://www.facebook.com/track/14,benign
http://youtube.video-check-alerts.com/track/49,phishing
http://paypal-userlogin.account-security-check.com/track/73,phishing
https://www.apple.com/track/168,benign
http://bankofamerica-update-login.com/track/215,phishing
http://secure-icloud-login.verify-appleid.net/track/50,phishing
https://www.amazon.com/track/95,benign
http://microsoft.support-alerts.net/track/183,phishing
http://youtube.video-check-alerts.com/track/48,phishing
https://www.microsoft.com/track/112,benign
https://www.facebook.com/track/148,benign
http://facebook-account-lock-warning.com/track/245,phishing
http://microsoft.support-alerts.net/track/83,phishing
https://www.instagram.com/track/190,benign
http://google.verify-info-alerts.com/track/239,phishing
http://paypal-userlogin.account-security-check.com/track/159,phishing
https://www.bbc.com/track/193,benign
http://google.verify-info-alerts.com/track/30,phishing
https://www.linkedin.com/track/30,benign
http://paypal-userlogin.account-security-check.com/track/241,phishing
http://microsoft.support-alerts.net/track/242,phishing
http://secure-icloud-login.verify-appleid.net/track/96,phishing
https://www.dropbox.com/track/134,benign
http://youtube.video-check-alerts.com/track/110,phishing
https://www.quora.com/track/238,benign
http://google.verify-info-alerts.com/track/29,phishing
http://facebook-account-lock-warning.com/track/168,phishing
http://secure-login.amazon.verify-user.com/track/52,phishing
http://google.verify-info-alerts.com/track/36,phishing
http://secure-login.amazon.verify-user.com/track/130,phishing
http://microsoft.support-alerts.net/track/116,phishing
http://appleid-login-reset.com/track/125,phishing
https://www.facebook.com/track/184,benign
https://www.reddit.com/track/235,benign
http://microsoft.support-alerts.net/track/141,phishing
http://paypal-userlogin.account-security-check.com/track/119,phishing
https://www.bbc.com/track/39,benign
https://www.bbc.com/track/22,benign
https://www.linkedin.com/track/81,benign
http://appleid-login-reset.com/track/0,phishing
http://facebook-account-lock-warning.com/track/90,phishing
https://www.bbc.com/track/51,benign
http://paypal-userlogin.account-security-check.com/track/246,phishing
http://facebook-account-lock-warning.com/track/181,phishing
http://facebook-account-lock-warning.com/track/135,phishing
https://www.google.com/track/96,benign
https://www.dropbox.com/track/37,benign
http://secure-login.amazon.verify-user.com/track/79,phishing
http://paypal-userlogin.account-security-check.com/track/107,phishing
http://bankofamerica-update-login.com/track/206,phishing
http://paypal-userlogin.account-security-check.com/track/240,phishing
https://www.apple.com/track/32,benign
http://microsoft.support-alerts.net/track/127,phishing
https://www.reddit.com/track/54,benign
http://appleid-login-reset.com/track/112,phishing
http://google.verify-info-alerts.com/track/153,phishing
http://bankofamerica-update-login.com/track/24,phishing
http://microsoft.support-alerts.net/track/155,phishing
https://www.bbc.com/track/18,benign
https://www.facebook.com/track/86,benign
https://www.bbc.com/track/167,benign
http://microsoft.support-alerts.net/track/194,phishing
https://www.bbc.com/track/241,benign
http://youtube.video-check-alerts.com/track/176,phishing
https://www.linkedin.com/track/97,benign
https://www.microsoft.com/track/41,benign
http://secure-login.amazon.verify-user.com/track/57,phishing
https://www.bbc.com/track/102,benign
https://www.microsoft.com/track/146,benign
https://www.microsoft.com/track/128,benign
https://www.nytimes.com/track/46,benign
http://netflix-account-verify-alerts.com/track/42,phishing
https://www.microsoft.com/track/140,benign
http://facebook-account-lock-warning.com/track/232,phishing
https://www.linkedin.com/track/15,benign
https://www.apple.com/track/94,benign
http://secure-icloud-login.verify-appleid.net/track/172,phishing
http://youtube.video-check-alerts.com/track/214,phishing
https://www.stackoverflow.com/track/196,benign
https://www.amazon.com/track/47,benign
https://www.instagram.com/track/114,benign
http://appleid-login-reset.com/track/197,phishing
http://google.verify-info-alerts.com/track/144,phishing
https://www.apple.com/track/243,benign
https://www.wikipedia.org/track/50,benign
https://www.dropbox.com/track/16,benign
http://secure-login.amazon.verify-user.com/track/237,phishing
http://facebook-account-lock-warning.com/track/243,phishing
https://www.instagram.com/track/234,benign
http://netflix-account-verify-alerts.com/track/201,phishing
https://www.google.com/track/178,benign
http://paypal-userlogin.account-security-check.com/track/66,phishing
https://www.nytimes.com/track/12,benign
http://facebook-account-lock-warning.com/track/51,phishing
http://paypal-userlogin.account-security-check.com/track/140,phishing
https://www.google.com/track/232,benign
https://www.apple.com/track/75,benign
https://www.instagram.com/track/69,benign
https://www.instagram.com/track/121,benign
https://www.wikipedia.org/track/100,benign
https://www.quora.com/track/20,benign
http://google.verify-info-alerts.com/track/106,phishing
http://bankofamerica-update-login.com/track/22,phishing
https://www.instagram.com/track/242,benign
https://www.google.com/track/217,benign
http://secure-icloud-login.verify-appleid.net/track/11,phishing
http://microsoft.support-alerts.net/track/9,phishing
http://netflix-account-verify-alerts.com/track/152,phishing
http://facebook-account-lock-warning.com/track/103,phishing
https://www.facebook.com/track/227,benign
http://netflix-account-verify-alerts.com/track/89,phishing
https://www.nytimes.com/track/176,benign
https://www.facebook.com/track/198,benign
https://www.linkedin.com/track/11,benign
https://www.apple.com/track/34,benign
https://www.youtube.com/track/150,benign
http://appleid-login-reset.com/track/173,phishing
http://youtube.video-check-alerts.com/track/2,phishing
https://www.wikipedia.org/track/99,benign
http://secure-icloud-login.verify-appleid.net/track/27,phishing
http://youtube.video-check-alerts.com/track/211,phishing
https://www.linkedin.com/track/64,benign
https://www.nytimes.com/track/138,benign
https://www.dropbox.com/track/229,benign
http://youtube.video-check-alerts.com/track/223,phishing
http://paypal-userlogin.account-security-check.com/track/33,phishing
https://www.instagram.com/track/202,benign
https://www.reddit.com/track/249,benign
https://www.quora.com/track/90,benign
http://secure-icloud-login.verify-appleid.net/track/47,phishing
http://appleid-login-reset.com/track/139,phishing
https://www.quora.com/track/213,benign
http://paypal-userlogin.account-security-check.com/track/1,phishing
https://www.bbc.com/track/9,benign
https://www.google.com/track/117,benign
http://secure-icloud-login.verify-appleid.net/track/10,phishing
http://appleid-login-reset.com/track/192,phishing
https://www.youtube.com/track/169,benign
https://www.linkedin.com/track/91,benign
http://appleid-login-reset.com/track/14,phishing
http://youtube.video-check-alerts.com/track/114,phishing
http://bankofamerica-update-login.com/track/175,phishing
http://appleid-login-reset.com/track/82,phishing
https://www.microsoft.com/track/125,benign
http://facebook-account-lock-warning.com/track/19,phishing
http://secure-icloud-login.verify-appleid.net/track/230,phishing
https://www.instagram.com/track/68,benign
http://secure-login.amazon.verify-user.com/track/161,phishing
https://www.instagram.com/track/13,benign
https://www.instagram.com/track/111,benign
https://www.amazon.com/track/59,benign
https://www.amazon.com/track/45,benign
http://google.verify-info-alerts.com/track/148,phishing
https://www.facebook.com/track/183,benign
https://www.stackoverflow.com/track/174,benign
https://www.google.com/track/38,benign
http://secure-login.amazon.verify-user.com/track/39,phishing
http://netflix-account-verify-alerts.com/track/200,phishing
http://facebook-account-lock-warning.com/track/213,phishing
http://secure-login.amazon.verify-user.com/track/59,phishing
http://google.verify-info-alerts.com/track/20,phishing
https://www.dropbox.com/track/137,benign
http://secure-icloud-login.verify-appleid.net/track/185,phishing
http://secure-icloud-login.verify-appleid.net/track/208,phishing
http://paypal-userlogin.account-security-check.com/track/34,phishing
https://www.dropbox.com/track/26,benign
https://www.stackoverflow.com/track/149,benign
http://google.verify-info-alerts.com/track/105,phishing
http://secure-login.amazon.verify-user.com/track/113,phishing
http://youtube.video-check-alerts.com/track/219,phishing
https://www.youtube.com/track/228,benign
http://appleid-login-reset.com/track/247,phishing
https://www.facebook.com/track/157,benign
http://appleid-login-reset.com/track/40,phishing
http://secure-login.amazon.verify-user.com/track/187,phishing
http://microsoft.support-alerts.net/track/94,phishing
https://www.amazon.com/track/130,benign
http://secure-login.amazon.verify-user.com/track/76,phishing
https://www.instagram.com/track/17,benign
http://secure-icloud-login.verify-appleid.net/track/104,phishing
http://netflix-account-verify-alerts.com/track/45,phishing
http://secure-icloud-login.verify-appleid.net/track/44,phishing
https://www.nytimes.com/track/219,benign
https://www.bbc.com/track/222,benign
https://www.facebook.com/track/247,benign
http://google.verify-info-alerts.com/track/218,phishing
http://paypal-userlogin.account-security-check.com/track/43,phishing
https://www.microsoft.com/track/88,benign
http://microsoft.support-alerts.net/track/5,phishing
https://www.wikipedia.org/track/159,benign
http://netflix-account-verify-alerts.com/track/233,phishing
https://www.linkedin.com/track/147,benign
http://microsoft.support-alerts.net/track/133,phishing
https://www.stackoverflow.com/track/141,benign
https://www.dropbox.com/track/2,benign
http://appleid-login-reset.com/track/160,phishing
http://secure-login.amazon.verify-user.com/track/6,phishing
https://www.youtube.com/track/129,benign
https://www.linkedin.com/track/57,benign
http://secure-login.amazon.verify-user.com/track/177,phishing
http://microsoft.support-alerts.net/track/75,phishing
http://facebook-account-lock-warning.com/track/25,phishing
http://appleid-login-reset.com/track/132,phishing
https://www.dropbox.com/track/60,benign
https://www.instagram.com/track/180,benign
https://www.dropbox.com/track/226,benign
https://www.apple.com/track/31,benign
https://www.dropbox.com/track/79,benign
https://www.stackoverflow.com/track/83,benign
http://secure-icloud-login.verify-appleid.net/track/203,phishing
https://www.stackoverflow.com/track/239,benign
